﻿{"paragraphs":[{"text":"import org.apache.spark._\n\nimport org.apache.spark.rdd.RDD\nimport org.apache.spark.sql.types._\nimport org.apache.spark.sql.functions._\nimport org.apache.spark.sql._\nimport org.apache.spark._\nimport org.apache.spark.ml.feature.StringIndexer\nimport org.apache.spark.ml.feature.VectorAssembler\nimport org.apache.spark.ml.clustering.KMeans\nimport org.apache.spark.ml.clustering.KMeansModel\nimport org.apache.spark.mllib.linalg.Vectors","user":"anonymous","dateUpdated":"2016-11-16T06:52:53-0800","config":{"colWidth":12,"graph":{"mode":"table","height":300,"optionOpen":false,"keys":[],"values":[],"groups":[],"scatter":{}},"enabled":true,"editorMode":"ace/mode/scala"},"settings":{"params":{},"forms":{}},"apps":[],"jobName":"paragraph_1477821134618_-432130328","id":"20161030-025214_1655763979","result":{"code":"SUCCESS","type":"TEXT","msg":"\nimport org.apache.spark._\n\nimport org.apache.spark.rdd.RDD\n\nimport org.apache.spark.sql.types._\n\nimport org.apache.spark.sql.functions._\n\nimport org.apache.spark.sql._\n\nimport org.apache.spark._\n\nimport org.apache.spark.ml.feature.StringIndexer\n\nimport org.apache.spark.ml.feature.VectorAssembler\n\nimport org.apache.spark.ml.clustering.KMeans\n\nimport org.apache.spark.ml.clustering.KMeansModel\n\nimport org.apache.spark.mllib.linalg.Vectors\n"},"dateCreated":"2016-10-30T02:52:14-0700","dateStarted":"2016-11-16T06:52:53-0800","dateFinished":"2016-11-16T06:53:02-0800","status":"FINISHED","progressUpdateIntervalMs":500,"focus":true,"$$hashKey":"object:84"},{"text":"\n\n\n    import sqlContext.implicits._\n    import sqlContext._\n\n    val schema = StructType(Array(\n      StructField(\"dt\", TimestampType, true),\n      StructField(\"lat\", DoubleType, true),\n      StructField(\"lon\", DoubleType, true),\n      StructField(\"base\", StringType, true)\n    ))","user":"anonymous","dateUpdated":"2016-11-16T06:53:11-0800","config":{"colWidth":12,"graph":{"mode":"table","height":300,"optionOpen":false,"keys":[],"values":[],"groups":[],"scatter":{}},"enabled":true},"settings":{"params":{},"forms":{}},"apps":[],"jobName":"paragraph_1477821943125_-658966902","id":"20161030-030543_519944270","result":{"code":"SUCCESS","type":"TEXT","msg":"\nimport sqlContext.implicits._\n\nimport sqlContext._\n\nschema: org.apache.spark.sql.types.StructType = StructType(StructField(dt,TimestampType,true), StructField(lat,DoubleType,true), StructField(lon,DoubleType,true), StructField(base,StringType,true))\n"},"dateCreated":"2016-10-30T03:05:43-0700","dateStarted":"2016-11-16T06:53:12-0800","dateFinished":"2016-11-16T06:53:17-0800","status":"FINISHED","progressUpdateIntervalMs":500,"$$hashKey":"object:85","focus":true},{"text":"    val df = sqlContext.read.format(\"com.databricks.spark.csv\").option(\"header\", \"false\").schema(schema).load(\"/user/user01/data/uber.csv\")\n    df.show","user":"anonymous","dateUpdated":"2016-11-16T06:53:20-0800","config":{"colWidth":12,"graph":{"mode":"table","height":300,"optionOpen":false,"keys":[],"values":[],"groups":[],"scatter":{}},"enabled":true},"settings":{"params":{},"forms":{}},"apps":[],"jobName":"paragraph_1477821978124_126736324","id":"20161030-030618_394385178","result":{"code":"SUCCESS","type":"TEXT","msg":"\ndf: org.apache.spark.sql.DataFrame = [dt: timestamp, lat: double, lon: double, base: string]\n+--------------------+-------+--------+------+\n|                  dt|    lat|     lon|  base|\n+--------------------+-------+--------+------+\n|2014-08-01 00:00:...| 40.729|-73.9422|B02598|\n|2014-08-01 00:00:...|40.7476|-73.9871|B02598|\n|2014-08-01 00:00:...|40.7424|-74.0044|B02598|\n|2014-08-01 00:00:...| 40.751|-73.9869|B02598|\n|2014-08-01 00:00:...|40.7406|-73.9902|B02598|\n|2014-08-01 00:00:...|40.6994|-73.9591|B02617|\n|2014-08-01 00:00:...|40.6917|-73.9398|B02617|\n|2014-08-01 00:00:...|40.7063|-73.9223|B02617|\n|2014-08-01 00:00:...|40.6759|-74.0168|B02617|\n|2014-08-01 00:00:...|40.7617|-73.9847|B02617|\n|2014-08-01 00:00:...|40.6969|-73.9064|B02617|\n|2014-08-01 00:00:...|40.7623|-73.9751|B02617|\n|2014-08-01 00:00:...|40.6982|-73.9669|B02617|\n|2014-08-01 00:00:...|40.7553|-73.9253|B02617|\n|2014-08-01 00:00:...|40.7325|-73.9876|B02682|\n|2014-08-01 00:00:...|40.6754| -74.017|B02682|\n|2014-08-01 00:00:...|40.7303|-74.0029|B02682|\n|2014-08-01 00:00:...|40.7218|-73.9973|B02682|\n|2014-08-01 00:00:...|40.7134|-74.0091|B02682|\n|2014-08-01 00:00:...|40.7194|-73.9964|B02682|\n+--------------------+-------+--------+------+\nonly showing top 20 rows\n\n"},"dateCreated":"2016-10-30T03:06:18-0700","dateStarted":"2016-11-16T06:53:20-0800","dateFinished":"2016-11-16T06:53:22-0800","status":"FINISHED","progressUpdateIntervalMs":500,"$$hashKey":"object:86","focus":true},{"text":"df.printSchema","user":"anonymous","dateUpdated":"2016-11-16T05:33:57-0800","config":{"colWidth":12,"graph":{"mode":"table","height":300,"optionOpen":false,"keys":[],"values":[],"groups":[],"scatter":{}},"enabled":true,"editorMode":"ace/mode/scala"},"settings":{"params":{},"forms":{}},"apps":[],"jobName":"paragraph_1477822027905_-1281951992","id":"20161030-030707_2084899217","result":{"code":"SUCCESS","type":"TEXT","msg":"root\n |-- dt: timestamp (nullable = true)\n |-- lat: double (nullable = true)\n |-- lon: double (nullable = true)\n |-- base: string (nullable = true)\n\n"},"dateCreated":"2016-10-30T03:07:07-0700","dateStarted":"2016-11-16T05:33:58-0800","dateFinished":"2016-11-16T05:33:59-0800","status":"FINISHED","progressUpdateIntervalMs":500,"$$hashKey":"object:87"},{"text":"\n  \n    \n    val featureCols = Array(\"lat\", \"lon\")\n    val assembler = new VectorAssembler().setInputCols(featureCols).setOutputCol(\"features\")\n    val df2 = assembler.transform(df)\n    val Array(trainingData, testData) = df2.randomSplit(Array(0.7, 0.3), 5043)\n\n    val kmeans = new KMeans().setK(8).setFeaturesCol(\"features\").setMaxIter(5)\n    val model = kmeans.fit(trainingData)\n    println(\"Final Centers: \")\n    model.clusterCenters.foreach(println)\n\n \n \n\n ","user":"anonymous","dateUpdated":"2016-11-16T09:34:38-0800","config":{"colWidth":12,"graph":{"mode":"table","height":300,"optionOpen":false,"keys":[],"values":[],"groups":[],"scatter":{}},"enabled":true},"settings":{"params":{},"forms":{}},"apps":[],"jobName":"paragraph_1477825960327_2044994696","id":"20161030-041240_922666463","result":{"code":"SUCCESS","type":"TEXT","msg":"\nfeatureCols: Array[String] = Array(lat, lon)\n\nassembler: org.apache.spark.ml.feature.VectorAssembler = vecAssembler_92afa161fc8a\n\ndf2: org.apache.spark.sql.DataFrame = [dt: timestamp, lat: double, lon: double, base: string, features: vector]\n\n\ntrainingData: org.apache.spark.sql.DataFrame = [dt: timestamp, lat: double, lon: double, base: string, features: vector]\ntestData: org.apache.spark.sql.DataFrame = [dt: timestamp, lat: double, lon: double, base: string, features: vector]\n\nkmeans: org.apache.spark.ml.clustering.KMeans = kmeans_ab22c68d78a3\n\nmodel: org.apache.spark.ml.clustering.KMeansModel = kmeans_ab22c68d78a3\nFinal Centers: \n[40.76422885211822,-73.9734999829014]\n[40.65687065064515,-73.77831638518956]\n[40.76971711652399,-73.45962448979598]\n[40.75969284538119,-73.87295292246709]\n[40.869063991800815,-73.90609202854547]\n[40.68250808038254,-73.96321471614675]\n[40.70017914295287,-74.2003898727823]\n[40.72892857349385,-73.99733153588511]\n"},"dateCreated":"2016-10-30T04:12:40-0700","dateStarted":"2016-11-16T06:54:26-0800","dateFinished":"2016-11-16T06:56:03-0800","status":"FINISHED","progressUpdateIntervalMs":500,"$$hashKey":"object:88","focus":true},{"text":"  val categories = model.transform(testData)\n  categories.show\n  categories.registerTempTable(\"uber\")\n\n","user":"anonymous","dateUpdated":"2016-11-16T07:18:09-0800","config":{"colWidth":12,"graph":{"mode":"table","height":300,"optionOpen":false,"keys":[],"values":[],"groups":[],"scatter":{}},"enabled":true,"editorMode":"ace/mode/scala"},"settings":{"params":{},"forms":{}},"apps":[],"jobName":"paragraph_1477840148502_1311613589","id":"20161030-080908_381831760","result":{"code":"SUCCESS","type":"TEXT","msg":"\ncategories: org.apache.spark.sql.DataFrame = [dt: timestamp, lat: double, lon: double, base: string, features: vector, prediction: int]\n+--------------------+-------+--------+------+------------------+----------+\n|                  dt|    lat|     lon|  base|          features|prediction|\n+--------------------+-------+--------+------+------------------+----------+\n|2014-08-01 00:00:...|40.3495|-74.0667|B02682|[40.3495,-74.0667]|         5|\n|2014-08-01 00:00:...|40.6759|-74.0168|B02617|[40.6759,-74.0168]|         5|\n|2014-08-01 00:00:...|40.6982|-73.9669|B02617|[40.6982,-73.9669]|         5|\n|2014-08-01 00:00:...|40.7134|-74.0091|B02682|[40.7134,-74.0091]|         7|\n|2014-08-01 00:01:...|40.6718|-73.9522|B02682|[40.6718,-73.9522]|         5|\n|2014-08-01 00:02:...|40.6123| -73.956|B02598| [40.6123,-73.956]|         5|\n|2014-08-01 00:03:...|40.6748|-73.9815|B02598|[40.6748,-73.9815]|         5|\n|2014-08-01 00:03:...|40.6969|-73.9064|B02598|[40.6969,-73.9064]|         5|\n|2014-08-01 00:03:...|40.7133|-73.9414|B02617|[40.7133,-73.9414]|         5|\n|2014-08-01 00:03:...|40.7231|-73.8529|B02598|[40.7231,-73.8529]|         3|\n|2014-08-01 00:03:...|40.7364|-74.0301|B02617|[40.7364,-74.0301]|         7|\n|2014-08-01 00:03:...|40.7366|-73.9906|B02512|[40.7366,-73.9906]|         7|\n|2014-08-01 00:03:...|40.7524|-73.9858|B02598|[40.7524,-73.9858]|         0|\n|2014-08-01 00:03:...|40.7574|-73.9668|B02617|[40.7574,-73.9668]|         0|\n|2014-08-01 00:04:...|40.7047|-73.9349|B02617|[40.7047,-73.9349]|         5|\n|2014-08-01 00:04:...|40.7209|-73.9977|B02682|[40.7209,-73.9977]|         7|\n|2014-08-01 00:04:...|40.7213|-73.9946|B02598|[40.7213,-73.9946]|         7|\n|2014-08-01 00:04:...|40.7272|-73.9917|B02598|[40.7272,-73.9917]|         7|\n|2014-08-01 00:04:...| 40.753|-73.9787|B02598| [40.753,-73.9787]|         0|\n|2014-08-01 00:05:...|40.7247|-73.9957|B02598|[40.7247,-73.9957]|         7|\n+--------------------+-------+--------+------+------------------+----------+\nonly showing top 20 rows\n\n"},"dateCreated":"2016-10-30T08:09:08-0700","dateStarted":"2016-11-16T07:05:43-0800","dateFinished":"2016-11-16T07:05:47-0800","status":"FINISHED","progressUpdateIntervalMs":500,"$$hashKey":"object:89","focus":true},{"text":"categories.select(month($\"dt\").alias(\"month\"),dayofmonth($\"dt\").alias(\"day\"),hour($\"dt\").alias(\"hour\"), $\"prediction\").groupBy(\"month\",\"day\",\"hour\",\"prediction\").agg(count(\"prediction\").alias(\"count\")).orderBy(\"day\", \"hour\",\"prediction\").show    ","user":"anonymous","dateUpdated":"2016-11-16T07:12:11-0800","config":{"colWidth":12,"graph":{"mode":"table","height":300,"optionOpen":false,"keys":[],"values":[],"groups":[],"scatter":{}},"enabled":true,"editorMode":"ace/mode/scala"},"settings":{"params":{},"forms":{}},"apps":[],"jobName":"paragraph_1477840948214_4570670","id":"20161030-082228_70294881","result":{"code":"SUCCESS","type":"TEXT","msg":"+-----+---+----+----------+-----+\n|month|day|hour|prediction|count|\n+-----+---+----+----------+-----+\n|    8|  1|   0|         0|   61|\n|    8|  1|   0|         1|    2|\n|    8|  1|   0|         3|    9|\n|    8|  1|   0|         4|    7|\n|    8|  1|   0|         5|   39|\n|    8|  1|   0|         6|    2|\n|    8|  1|   0|         7|  113|\n|    8|  1|   1|         0|   37|\n|    8|  1|   1|         1|    1|\n|    8|  1|   1|         3|    1|\n|    8|  1|   1|         4|    4|\n|    8|  1|   1|         5|   27|\n|    8|  1|   1|         6|    2|\n|    8|  1|   1|         7|   64|\n|    8|  1|   2|         0|   26|\n|    8|  1|   2|         3|    1|\n|    8|  1|   2|         4|    4|\n|    8|  1|   2|         5|   13|\n|    8|  1|   2|         7|   30|\n|    8|  1|   3|         0|   32|\n+-----+---+----+----------+-----+\nonly showing top 20 rows\n\n"},"dateCreated":"2016-10-30T08:22:28-0700","dateStarted":"2016-11-16T07:12:11-0800","dateFinished":"2016-11-16T07:12:23-0800","status":"FINISHED","progressUpdateIntervalMs":500,"$$hashKey":"object:90","focus":true},{"text":"\ncategories.select(hour($\"dt\").alias(\"hour\"), $\"prediction\")\n.groupBy(\"hour\",\"prediction\").agg(count(\"prediction\")\n.alias(\"count\")).orderBy(desc( \"count\")).show\n","user":"anonymous","dateUpdated":"2016-11-16T07:22:58-0800","config":{"colWidth":12,"graph":{"mode":"table","height":300,"optionOpen":false,"keys":[],"values":[],"groups":[],"scatter":{}},"enabled":true,"editorMode":"ace/mode/sql"},"settings":{"params":{},"forms":{}},"apps":[],"jobName":"paragraph_1477899346983_996506187","id":"20161031-003546_1652957647","result":{"code":"SUCCESS","type":"TEXT","msg":"+----+----------+-----+\n|hour|prediction|count|\n+----+----------+-----+\n|  17|         7| 6826|\n|  17|         0| 6775|\n|  18|         7| 6542|\n|  21|         7| 6513|\n|  18|         0| 6482|\n|  16|         0| 6395|\n|  19|         7| 6370|\n|  16|         7| 6279|\n|  20|         7| 6277|\n|  22|         7| 5988|\n|  19|         0| 5769|\n|  15|         0| 5660|\n|  15|         7| 5442|\n|  20|         0| 5312|\n|  21|         0| 4827|\n|  14|         7| 4611|\n|  23|         7| 4572|\n|  14|         0| 4439|\n|   7|         0| 4129|\n|   8|         0| 4119|\n+----+----------+-----+\nonly showing top 20 rows\n\n"},"dateCreated":"2016-10-31T00:35:46-0700","dateStarted":"2016-11-16T07:22:58-0800","dateFinished":"2016-11-16T07:23:08-0800","status":"FINISHED","progressUpdateIntervalMs":500,"$$hashKey":"object:91","focus":true},{"text":"z.show(categories.select(hour($\"dt\").alias(\"hour\"), $\"prediction\")\n.groupBy(\"hour\",\"prediction\").agg(count(\"prediction\")\n.alias(\"count\")).orderBy( \"hour\",\"prediction\"))\n","user":"anonymous","dateUpdated":"2016-11-16T07:28:52-0800","config":{"colWidth":12,"graph":{"mode":"multiBarChart","height":300,"optionOpen":false,"keys":[{"name":"hour","index":0,"aggr":"sum"}],"values":[{"name":"count","index":2,"aggr":"sum"}],"groups":[{"name":"prediction","index":1,"aggr":"sum"}],"scatter":{"xAxis":{"name":"hour","index":0,"aggr":"sum"},"yAxis":{"name":"prediction","index":1,"aggr":"sum"}}},"enabled":true,"editorMode":"ace/mode/sql","helium":{}},"settings":{"params":{},"forms":{}},"apps":[],"jobName":"paragraph_1477900512462_-1721525320","id":"20161031-005512_510256311","result":{"code":"SUCCESS","type":"TABLE","msg":"hour\tprediction\tcount\n0\t0\t1575\n0\t1\t182\n0\t2\t19\n0\t3\t158\n0\t4\t152\n0\t5\t1326\n0\t6\t80\n0\t7\t3028\n1\t0\t964\n1\t1\t61\n1\t2\t18\n1\t3\t104\n1\t4\t101\n1\t5\t882\n1\t6\t49\n1\t7\t2124\n2\t0\t691\n2\t1\t38\n2\t2\t11\n2\t3\t80\n2\t4\t64\n2\t5\t646\n2\t6\t13\n2\t7\t1430\n3\t0\t956\n3\t1\t36\n3\t2\t5\n3\t3\t122\n3\t4\t98\n3\t5\t631\n3\t6\t14\n3\t7\t1300\n4\t0\t1010\n4\t1\t226\n4\t2\t10\n4\t3\t153\n4\t4\t112\n4\t5\t698\n4\t6\t67\n4\t7\t1263\n5\t0\t1555\n5\t1\t339\n5\t2\t9\n5\t3\t197\n5\t4\t134\n5\t5\t924\n5\t6\t54\n5\t7\t1635\n6\t0\t2733\n6\t1\t387\n6\t2\t11\n6\t3\t276\n6\t4\t175\n6\t5\t1235\n6\t6\t70\n6\t7\t2699\n7\t0\t4129\n7\t1\t231\n7\t2\t17\n7\t3\t416\n7\t4\t208\n7\t5\t1462\n7\t6\t68\n7\t7\t3721\n8\t0\t4119\n8\t1\t135\n8\t2\t21\n8\t3\t498\n8\t4\t194\n8\t5\t1401\n8\t6\t67\n8\t7\t4094\n9\t0\t3371\n9\t1\t185\n9\t2\t20\n9\t3\t562\n9\t4\t197\n9\t5\t1407\n9\t6\t68\n9\t7\t3218\n10\t0\t3584\n10\t1\t193\n10\t2\t31\n10\t3\t560\n10\t4\t222\n10\t5\t1350\n10\t6\t77\n10\t7\t3135\n11\t0\t3442\n11\t1\t224\n11\t2\t24\n11\t3\t545\n11\t4\t275\n11\t5\t1379\n11\t6\t140\n11\t7\t3455\n12\t0\t3631\n12\t1\t284\n12\t2\t31\n12\t3\t468\n12\t4\t257\n12\t5\t1244\n12\t6\t115\n12\t7\t3544\n13\t0\t4001\n13\t1\t371\n13\t2\t36\n13\t3\t541\n13\t4\t270\n13\t5\t1367\n13\t6\t147\n13\t7\t3968\n14\t0\t4439\n14\t1\t597\n14\t2\t38\n14\t3\t565\n14\t4\t282\n14\t5\t1438\n14\t6\t143\n14\t7\t4611\n15\t0\t5660\n15\t1\t535\n15\t2\t44\n15\t3\t688\n15\t4\t302\n15\t5\t1496\n15\t6\t184\n15\t7\t5442\n16\t0\t6395\n16\t1\t478\n16\t2\t38\n16\t3\t647\n16\t4\t288\n16\t5\t1695\n16\t6\t168\n16\t7\t6279\n17\t0\t6775\n17\t1\t425\n17\t2\t51\n17\t3\t702\n17\t4\t267\n17\t5\t1882\n17\t6\t168\n17\t7\t6826\n18\t0\t6482\n18\t1\t437\n18\t2\t48\n18\t3\t739\n18\t4\t230\n18\t5\t1967\n18\t6\t153\n18\t7\t6542\n19\t0\t5769\n19\t1\t523\n19\t2\t33\n19\t3\t773\n19\t4\t264\n19\t5\t2053\n19\t6\t166\n19\t7\t6370\n20\t0\t5312\n20\t1\t540\n20\t2\t29\n20\t3\t820\n20\t4\t321\n20\t5\t2037\n20\t6\t177\n20\t7\t6277\n21\t0\t4827\n21\t1\t567\n21\t2\t45\n21\t3\t871\n21\t4\t328\n21\t5\t2190\n21\t6\t158\n21\t7\t6513\n22\t0\t3912\n22\t1\t514\n22\t2\t42\n22\t3\t754\n22\t4\t270\n22\t5\t2181\n22\t6\t146\n22\t7\t5988\n23\t0\t2590\n23\t1\t448\n23\t2\t28\n23\t3\t341\n23\t4\t209\n23\t5\t1843\n23\t6\t131\n23\t7\t4572\n","comment":"","msgTable":[[{"key":"prediction","value":0},{"key":"prediction","value":0},{"key":"prediction","value":1575}],[{"key":"count","value":0},{"key":"count","value":1},{"key":"count","value":182}],[{"value":0},{"value":2},{"value":19}],[{"value":0},{"value":3},{"value":158}],[{"value":0},{"value":4},{"value":152}],[{"value":0},{"value":5},{"value":1326}],[{"value":0},{"value":6},{"value":80}],[{"value":0},{"value":7},{"value":3028}],[{"value":1},{"value":0},{"value":964}],[{"value":1},{"value":1},{"value":61}],[{"value":1},{"value":2},{"value":18}],[{"value":1},{"value":3},{"value":104}],[{"value":1},{"value":4},{"value":101}],[{"value":1},{"value":5},{"value":882}],[{"value":1},{"value":6},{"value":49}],[{"value":1},{"value":7},{"value":2124}],[{"value":2},{"value":0},{"value":691}],[{"value":2},{"value":1},{"value":38}],[{"value":2},{"value":2},{"value":11}],[{"value":2},{"value":3},{"value":80}],[{"value":2},{"value":4},{"value":64}],[{"value":2},{"value":5},{"value":646}],[{"value":2},{"value":6},{"value":13}],[{"value":2},{"value":7},{"value":1430}],[{"value":3},{"value":0},{"value":956}],[{"value":3},{"value":1},{"value":36}],[{"value":3},{"value":2},{"value":5}],[{"value":3},{"value":3},{"value":122}],[{"value":3},{"value":4},{"value":98}],[{"value":3},{"value":5},{"value":631}],[{"value":3},{"value":6},{"value":14}],[{"value":3},{"value":7},{"value":1300}],[{"value":4},{"value":0},{"value":1010}],[{"value":4},{"value":1},{"value":226}],[{"value":4},{"value":2},{"value":10}],[{"value":4},{"value":3},{"value":153}],[{"value":4},{"value":4},{"value":112}],[{"value":4},{"value":5},{"value":698}],[{"value":4},{"value":6},{"value":67}],[{"value":4},{"value":7},{"value":1263}],[{"value":5},{"value":0},{"value":1555}],[{"value":5},{"value":1},{"value":339}],[{"value":5},{"value":2},{"value":9}],[{"value":5},{"value":3},{"value":197}],[{"value":5},{"value":4},{"value":134}],[{"value":5},{"value":5},{"value":924}],[{"value":5},{"value":6},{"value":54}],[{"value":5},{"value":7},{"value":1635}],[{"value":6},{"value":0},{"value":2733}],[{"value":6},{"value":1},{"value":387}],[{"value":6},{"value":2},{"value":11}],[{"value":6},{"value":3},{"value":276}],[{"value":6},{"value":4},{"value":175}],[{"value":6},{"value":5},{"value":1235}],[{"value":6},{"value":6},{"value":70}],[{"value":6},{"value":7},{"value":2699}],[{"value":7},{"value":0},{"value":4129}],[{"value":7},{"value":1},{"value":231}],[{"value":7},{"value":2},{"value":17}],[{"value":7},{"value":3},{"value":416}],[{"value":7},{"value":4},{"value":208}],[{"value":7},{"value":5},{"value":1462}],[{"value":7},{"value":6},{"value":68}],[{"value":7},{"value":7},{"value":3721}],[{"value":8},{"value":0},{"value":4119}],[{"value":8},{"value":1},{"value":135}],[{"value":8},{"value":2},{"value":21}],[{"value":8},{"value":3},{"value":498}],[{"value":8},{"value":4},{"value":194}],[{"value":8},{"value":5},{"value":1401}],[{"value":8},{"value":6},{"value":67}],[{"value":8},{"value":7},{"value":4094}],[{"value":9},{"value":0},{"value":3371}],[{"value":9},{"value":1},{"value":185}],[{"value":9},{"value":2},{"value":20}],[{"value":9},{"value":3},{"value":562}],[{"value":9},{"value":4},{"value":197}],[{"value":9},{"value":5},{"value":1407}],[{"value":9},{"value":6},{"value":68}],[{"value":9},{"value":7},{"value":3218}],[{"value":10},{"value":0},{"value":3584}],[{"value":10},{"value":1},{"value":193}],[{"value":10},{"value":2},{"value":31}],[{"value":10},{"value":3},{"value":560}],[{"value":10},{"value":4},{"value":222}],[{"value":10},{"value":5},{"value":1350}],[{"value":10},{"value":6},{"value":77}],[{"value":10},{"value":7},{"value":3135}],[{"value":11},{"value":0},{"value":3442}],[{"value":11},{"value":1},{"value":224}],[{"value":11},{"value":2},{"value":24}],[{"value":11},{"value":3},{"value":545}],[{"value":11},{"value":4},{"value":275}],[{"value":11},{"value":5},{"value":1379}],[{"value":11},{"value":6},{"value":140}],[{"value":11},{"value":7},{"value":3455}],[{"value":12},{"value":0},{"value":3631}],[{"value":12},{"value":1},{"value":284}],[{"value":12},{"value":2},{"value":31}],[{"value":12},{"value":3},{"value":468}],[{"value":12},{"value":4},{"value":257}],[{"value":12},{"value":5},{"value":1244}],[{"value":12},{"value":6},{"value":115}],[{"value":12},{"value":7},{"value":3544}],[{"value":13},{"value":0},{"value":4001}],[{"value":13},{"value":1},{"value":371}],[{"value":13},{"value":2},{"value":36}],[{"value":13},{"value":3},{"value":541}],[{"value":13},{"value":4},{"value":270}],[{"value":13},{"value":5},{"value":1367}],[{"value":13},{"value":6},{"value":147}],[{"value":13},{"value":7},{"value":3968}],[{"value":14},{"value":0},{"value":4439}],[{"value":14},{"value":1},{"value":597}],[{"value":14},{"value":2},{"value":38}],[{"value":14},{"value":3},{"value":565}],[{"value":14},{"value":4},{"value":282}],[{"value":14},{"value":5},{"value":1438}],[{"value":14},{"value":6},{"value":143}],[{"value":14},{"value":7},{"value":4611}],[{"value":15},{"value":0},{"value":5660}],[{"value":15},{"value":1},{"value":535}],[{"value":15},{"value":2},{"value":44}],[{"value":15},{"value":3},{"value":688}],[{"value":15},{"value":4},{"value":302}],[{"value":15},{"value":5},{"value":1496}],[{"value":15},{"value":6},{"value":184}],[{"value":15},{"value":7},{"value":5442}],[{"value":16},{"value":0},{"value":6395}],[{"value":16},{"value":1},{"value":478}],[{"value":16},{"value":2},{"value":38}],[{"value":16},{"value":3},{"value":647}],[{"value":16},{"value":4},{"value":288}],[{"value":16},{"value":5},{"value":1695}],[{"value":16},{"value":6},{"value":168}],[{"value":16},{"value":7},{"value":6279}],[{"value":17},{"value":0},{"value":6775}],[{"value":17},{"value":1},{"value":425}],[{"value":17},{"value":2},{"value":51}],[{"value":17},{"value":3},{"value":702}],[{"value":17},{"value":4},{"value":267}],[{"value":17},{"value":5},{"value":1882}],[{"value":17},{"value":6},{"value":168}],[{"value":17},{"value":7},{"value":6826}],[{"value":18},{"value":0},{"value":6482}],[{"value":18},{"value":1},{"value":437}],[{"value":18},{"value":2},{"value":48}],[{"value":18},{"value":3},{"value":739}],[{"value":18},{"value":4},{"value":230}],[{"value":18},{"value":5},{"value":1967}],[{"value":18},{"value":6},{"value":153}],[{"value":18},{"value":7},{"value":6542}],[{"value":19},{"value":0},{"value":5769}],[{"value":19},{"value":1},{"value":523}],[{"value":19},{"value":2},{"value":33}],[{"value":19},{"value":3},{"value":773}],[{"value":19},{"value":4},{"value":264}],[{"value":19},{"value":5},{"value":2053}],[{"value":19},{"value":6},{"value":166}],[{"value":19},{"value":7},{"value":6370}],[{"value":20},{"value":0},{"value":5312}],[{"value":20},{"value":1},{"value":540}],[{"value":20},{"value":2},{"value":29}],[{"value":20},{"value":3},{"value":820}],[{"value":20},{"value":4},{"value":321}],[{"value":20},{"value":5},{"value":2037}],[{"value":20},{"value":6},{"value":177}],[{"value":20},{"value":7},{"value":6277}],[{"value":21},{"value":0},{"value":4827}],[{"value":21},{"value":1},{"value":567}],[{"value":21},{"value":2},{"value":45}],[{"value":21},{"value":3},{"value":871}],[{"value":21},{"value":4},{"value":328}],[{"value":21},{"value":5},{"value":2190}],[{"value":21},{"value":6},{"value":158}],[{"value":21},{"value":7},{"value":6513}],[{"value":22},{"value":0},{"value":3912}],[{"value":22},{"value":1},{"value":514}],[{"value":22},{"value":2},{"value":42}],[{"value":22},{"value":3},{"value":754}],[{"value":22},{"value":4},{"value":270}],[{"value":22},{"value":5},{"value":2181}],[{"value":22},{"value":6},{"value":146}],[{"value":22},{"value":7},{"value":5988}],[{"value":23},{"value":0},{"value":2590}],[{"value":23},{"value":1},{"value":448}],[{"value":23},{"value":2},{"value":28}],[{"value":23},{"value":3},{"value":341}],[{"value":23},{"value":4},{"value":209}],[{"value":23},{"value":5},{"value":1843}],[{"value":23},{"value":6},{"value":131}],[{"value":23},{"value":7},{"value":4572}]],"columnNames":[{"name":"hour","index":0,"aggr":"sum"},{"name":"prediction","index":1,"aggr":"sum"},{"name":"count","index":2,"aggr":"sum"}],"rows":[[0,0,1575],[0,1,182],[0,2,19],[0,3,158],[0,4,152],[0,5,1326],[0,6,80],[0,7,3028],[1,0,964],[1,1,61],[1,2,18],[1,3,104],[1,4,101],[1,5,882],[1,6,49],[1,7,2124],[2,0,691],[2,1,38],[2,2,11],[2,3,80],[2,4,64],[2,5,646],[2,6,13],[2,7,1430],[3,0,956],[3,1,36],[3,2,5],[3,3,122],[3,4,98],[3,5,631],[3,6,14],[3,7,1300],[4,0,1010],[4,1,226],[4,2,10],[4,3,153],[4,4,112],[4,5,698],[4,6,67],[4,7,1263],[5,0,1555],[5,1,339],[5,2,9],[5,3,197],[5,4,134],[5,5,924],[5,6,54],[5,7,1635],[6,0,2733],[6,1,387],[6,2,11],[6,3,276],[6,4,175],[6,5,1235],[6,6,70],[6,7,2699],[7,0,4129],[7,1,231],[7,2,17],[7,3,416],[7,4,208],[7,5,1462],[7,6,68],[7,7,3721],[8,0,4119],[8,1,135],[8,2,21],[8,3,498],[8,4,194],[8,5,1401],[8,6,67],[8,7,4094],[9,0,3371],[9,1,185],[9,2,20],[9,3,562],[9,4,197],[9,5,1407],[9,6,68],[9,7,3218],[10,0,3584],[10,1,193],[10,2,31],[10,3,560],[10,4,222],[10,5,1350],[10,6,77],[10,7,3135],[11,0,3442],[11,1,224],[11,2,24],[11,3,545],[11,4,275],[11,5,1379],[11,6,140],[11,7,3455],[12,0,3631],[12,1,284],[12,2,31],[12,3,468],[12,4,257],[12,5,1244],[12,6,115],[12,7,3544],[13,0,4001],[13,1,371],[13,2,36],[13,3,541],[13,4,270],[13,5,1367],[13,6,147],[13,7,3968],[14,0,4439],[14,1,597],[14,2,38],[14,3,565],[14,4,282],[14,5,1438],[14,6,143],[14,7,4611],[15,0,5660],[15,1,535],[15,2,44],[15,3,688],[15,4,302],[15,5,1496],[15,6,184],[15,7,5442],[16,0,6395],[16,1,478],[16,2,38],[16,3,647],[16,4,288],[16,5,1695],[16,6,168],[16,7,6279],[17,0,6775],[17,1,425],[17,2,51],[17,3,702],[17,4,267],[17,5,1882],[17,6,168],[17,7,6826],[18,0,6482],[18,1,437],[18,2,48],[18,3,739],[18,4,230],[18,5,1967],[18,6,153],[18,7,6542],[19,0,5769],[19,1,523],[19,2,33],[19,3,773],[19,4,264],[19,5,2053],[19,6,166],[19,7,6370],[20,0,5312],[20,1,540],[20,2,29],[20,3,820],[20,4,321],[20,5,2037],[20,6,177],[20,7,6277],[21,0,4827],[21,1,567],[21,2,45],[21,3,871],[21,4,328],[21,5,2190],[21,6,158],[21,7,6513],[22,0,3912],[22,1,514],[22,2,42],[22,3,754],[22,4,270],[22,5,2181],[22,6,146],[22,7,5988],[23,0,2590],[23,1,448],[23,2,28],[23,3,341],[23,4,209],[23,5,1843],[23,6,131],[23,7,4572]]},"dateCreated":"2016-10-31T00:55:12-0700","dateStarted":"2016-11-16T07:14:16-0800","dateFinished":"2016-11-16T07:14:24-0800","status":"FINISHED","progressUpdateIntervalMs":500,"$$hashKey":"object:92","focus":true},{"text":"z.show(sqlContext.sql(\"SELECT hour(uber.dt) as hr,count(prediction) as ct FROM uber group By hour(uber.dt)\"))","user":"anonymous","dateUpdated":"2016-11-16T09:29:31-0800","config":{"colWidth":12,"graph":{"mode":"multiBarChart","height":300,"optionOpen":false,"keys":[{"name":"hr","index":0,"aggr":"sum"}],"values":[{"name":"ct","index":1,"aggr":"sum"}],"groups":[],"scatter":{"xAxis":{"name":"hr","index":0,"aggr":"sum"},"yAxis":{"name":"ct","index":1,"aggr":"sum"}}},"enabled":true,"editorMode":"ace/mode/scala","helium":{}},"settings":{"params":{},"forms":{}},"apps":[],"jobName":"paragraph_1477900780497_1735244857","id":"20161031-005940_1796057341","result":{"code":"SUCCESS","type":"TABLE","msg":"hr\tct\n0\t6520\n1\t4303\n2\t2973\n3\t3162\n4\t3539\n5\t4847\n6\t7586\n7\t10252\n8\t10529\n9\t9028\n10\t9152\n11\t9484\n12\t9574\n13\t10701\n14\t12113\n15\t14351\n16\t15988\n17\t17096\n18\t16598\n19\t15951\n20\t15513\n21\t15499\n22\t13807\n23\t10162\n","comment":"","msgTable":[[{"key":"ct","value":0},{"key":"ct","value":6520}],[{"value":1},{"value":4303}],[{"value":2},{"value":2973}],[{"value":3},{"value":3162}],[{"value":4},{"value":3539}],[{"value":5},{"value":4847}],[{"value":6},{"value":7586}],[{"value":7},{"value":10252}],[{"value":8},{"value":10529}],[{"value":9},{"value":9028}],[{"value":10},{"value":9152}],[{"value":11},{"value":9484}],[{"value":12},{"value":9574}],[{"value":13},{"value":10701}],[{"value":14},{"value":12113}],[{"value":15},{"value":14351}],[{"value":16},{"value":15988}],[{"value":17},{"value":17096}],[{"value":18},{"value":16598}],[{"value":19},{"value":15951}],[{"value":20},{"value":15513}],[{"value":21},{"value":15499}],[{"value":22},{"value":13807}],[{"value":23},{"value":10162}]],"columnNames":[{"name":"hr","index":0,"aggr":"sum"},{"name":"ct","index":1,"aggr":"sum"}],"rows":[[0,6520],[1,4303],[2,2973],[3,3162],[4,3539],[5,4847],[6,7586],[7,10252],[8,10529],[9,9028],[10,9152],[11,9484],[12,9574],[13,10701],[14,12113],[15,14351],[16,15988],[17,17096],[18,16598],[19,15951],[20,15513],[21,15499],[22,13807],[23,10162]]},"dateCreated":"2016-10-31T00:59:40-0700","dateStarted":"2016-11-16T07:44:38-0800","dateFinished":"2016-11-16T07:44:46-0800","status":"FINISHED","progressUpdateIntervalMs":500,"$$hashKey":"object:93","focus":true},{"text":"%sql\n\nSELECT * from uber limit 5\n","user":"anonymous","dateUpdated":"2016-11-16T07:31:49-0800","config":{"colWidth":12,"graph":{"mode":"table","height":300,"optionOpen":false,"keys":[],"values":[],"groups":[],"scatter":{}},"enabled":true,"editorMode":"ace/mode/sql"},"settings":{"params":{},"forms":{}},"apps":[],"jobName":"paragraph_1477900809949_1948426396","id":"20161031-010009_1770812714","result":{"code":"SUCCESS","type":"TABLE","msg":"dt\tlat\tlon\tbase\tfeatures\tprediction\n2014-08-01 00:00:00.0\t40.3495\t-74.0667\tB02682\t[40.3495,-74.0667]\t5\n2014-08-01 00:00:00.0\t40.6759\t-74.0168\tB02617\t[40.6759,-74.0168]\t5\n2014-08-01 00:00:00.0\t40.6982\t-73.9669\tB02617\t[40.6982,-73.9669]\t5\n2014-08-01 00:00:00.0\t40.7134\t-74.0091\tB02682\t[40.7134,-74.0091]\t7\n2014-08-01 00:01:00.0\t40.6718\t-73.9522\tB02682\t[40.6718,-73.9522]\t5\n","comment":"","msgTable":[[{"key":"lat","value":"2014-08-01T04:00:00.000Z"},{"key":"lat","value":40.3495},{"key":"lat","value":-74.0667},{"key":"lat","value":"B02682"},{"key":"lat","value":"[40.3495,-74.0667]"},{"key":"lat","value":5}],[{"key":"lon","value":"2014-08-01T04:00:00.000Z"},{"key":"lon","value":40.6759},{"key":"lon","value":-74.0168},{"key":"lon","value":"B02617"},{"key":"lon","value":"[40.6759,-74.0168]"},{"key":"lon","value":5}],[{"key":"base","value":"2014-08-01T04:00:00.000Z"},{"key":"base","value":40.6982},{"key":"base","value":-73.9669},{"key":"base","value":"B02617"},{"key":"base","value":"[40.6982,-73.9669]"},{"key":"base","value":5}],[{"key":"features","value":"2014-08-01T04:00:00.000Z"},{"key":"features","value":40.7134},{"key":"features","value":-74.0091},{"key":"features","value":"B02682"},{"key":"features","value":"[40.7134,-74.0091]"},{"key":"features","value":7}],[{"key":"prediction","value":"2014-08-01T04:01:00.000Z"},{"key":"prediction","value":40.6718},{"key":"prediction","value":-73.9522},{"key":"prediction","value":"B02682"},{"key":"prediction","value":"[40.6718,-73.9522]"},{"key":"prediction","value":5}]],"columnNames":[{"name":"dt","index":0,"aggr":"sum"},{"name":"lat","index":1,"aggr":"sum"},{"name":"lon","index":2,"aggr":"sum"},{"name":"base","index":3,"aggr":"sum"},{"name":"features","index":4,"aggr":"sum"},{"name":"prediction","index":5,"aggr":"sum"}],"rows":[["2014-08-01T04:00:00.000Z",40.3495,-74.0667,"B02682","[40.3495,-74.0667]",5],["2014-08-01T04:00:00.000Z",40.6759,-74.0168,"B02617","[40.6759,-74.0168]",5],["2014-08-01T04:00:00.000Z",40.6982,-73.9669,"B02617","[40.6982,-73.9669]",5],["2014-08-01T04:00:00.000Z",40.7134,-74.0091,"B02682","[40.7134,-74.0091]",7],["2014-08-01T04:01:00.000Z",40.6718,-73.9522,"B02682","[40.6718,-73.9522]",5]]},"dateCreated":"2016-10-31T01:00:09-0700","dateStarted":"2016-11-16T07:31:49-0800","dateFinished":"2016-11-16T07:31:54-0800","status":"FINISHED","progressUpdateIntervalMs":500,"$$hashKey":"object:94","focus":true},{"text":"%sql\nselect hour(uber.dt) as hr,prediction, count( uber.prediction) as ct \nfrom uber group by hour(uber.dt), prediction  order by count(uber.prediction) desc\n","user":"anonymous","dateUpdated":"2016-11-16T08:09:57-0800","config":{"colWidth":12,"graph":{"mode":"table","height":300,"optionOpen":true,"keys":[{"name":"hr","index":0,"aggr":"sum"}],"values":[{"name":"prediction","index":1,"aggr":"sum"},{"name":"prediction","index":1,"aggr":"sum"}],"groups":[{"name":"prediction","index":1,"aggr":"sum"}],"scatter":{"xAxis":{"name":"hr","index":0,"aggr":"sum"}}},"enabled":true,"editorMode":"ace/mode/sql","helium":{}},"settings":{"params":{},"forms":{}},"apps":[],"jobName":"paragraph_1477927581034_-464509321","id":"20161031-082621_1269056378","result":{"code":"SUCCESS","type":"TABLE","msg":"hr\tprediction\tct\n17\t7\t6826\n17\t0\t6775\n18\t7\t6542\n21\t7\t6513\n18\t0\t6482\n16\t0\t6395\n19\t7\t6370\n16\t7\t6279\n20\t7\t6277\n22\t7\t5988\n19\t0\t5769\n15\t0\t5660\n15\t7\t5442\n20\t0\t5312\n21\t0\t4827\n14\t7\t4611\n23\t7\t4572\n14\t0\t4439\n7\t0\t4129\n8\t0\t4119\n8\t7\t4094\n13\t0\t4001\n13\t7\t3968\n22\t0\t3912\n7\t7\t3721\n12\t0\t3631\n10\t0\t3584\n12\t7\t3544\n11\t7\t3455\n11\t0\t3442\n9\t0\t3371\n9\t7\t3218\n10\t7\t3135\n0\t7\t3028\n6\t0\t2733\n6\t7\t2699\n23\t0\t2590\n21\t5\t2190\n22\t5\t2181\n1\t7\t2124\n19\t5\t2053\n20\t5\t2037\n18\t5\t1967\n17\t5\t1882\n23\t5\t1843\n16\t5\t1695\n5\t7\t1635\n0\t0\t1575\n5\t0\t1555\n15\t5\t1496\n7\t5\t1462\n14\t5\t1438\n2\t7\t1430\n9\t5\t1407\n8\t5\t1401\n11\t5\t1379\n13\t5\t1367\n10\t5\t1350\n0\t5\t1326\n3\t7\t1300\n4\t7\t1263\n12\t5\t1244\n6\t5\t1235\n4\t0\t1010\n1\t0\t964\n3\t0\t956\n5\t5\t924\n1\t5\t882\n21\t3\t871\n20\t3\t820\n19\t3\t773\n22\t3\t754\n18\t3\t739\n17\t3\t702\n4\t5\t698\n2\t0\t691\n15\t3\t688\n16\t3\t647\n2\t5\t646\n3\t5\t631\n14\t1\t597\n21\t1\t567\n14\t3\t565\n9\t3\t562\n10\t3\t560\n11\t3\t545\n13\t3\t541\n20\t1\t540\n15\t1\t535\n19\t1\t523\n22\t1\t514\n8\t3\t498\n16\t1\t478\n12\t3\t468\n23\t1\t448\n18\t1\t437\n17\t1\t425\n7\t3\t416\n6\t1\t387\n13\t1\t371\n23\t3\t341\n5\t1\t339\n21\t4\t328\n20\t4\t321\n15\t4\t302\n16\t4\t288\n12\t1\t284\n14\t4\t282\n6\t3\t276\n11\t4\t275\n22\t4\t270\n13\t4\t270\n17\t4\t267\n19\t4\t264\n12\t4\t257\n7\t1\t231\n18\t4\t230\n4\t1\t226\n11\t1\t224\n10\t4\t222\n23\t4\t209\n7\t4\t208\n5\t3\t197\n9\t4\t197\n8\t4\t194\n10\t1\t193\n9\t1\t185\n15\t6\t184\n0\t1\t182\n20\t6\t177\n6\t4\t175\n16\t6\t168\n17\t6\t168\n19\t6\t166\n0\t3\t158\n21\t6\t158\n4\t3\t153\n18\t6\t153\n0\t4\t152\n13\t6\t147\n22\t6\t146\n14\t6\t143\n11\t6\t140\n8\t1\t135\n5\t4\t134\n23\t6\t131\n3\t3\t122\n12\t6\t115\n4\t4\t112\n1\t3\t104\n1\t4\t101\n3\t4\t98\n0\t6\t80\n2\t3\t80\n10\t6\t77\n6\t6\t70\n7\t6\t68\n9\t6\t68\n8\t6\t67\n4\t6\t67\n2\t4\t64\n1\t1\t61\n5\t6\t54\n17\t2\t51\n1\t6\t49\n18\t2\t48\n21\t2\t45\n15\t2\t44\n22\t2\t42\n2\t1\t38\n14\t2\t38\n16\t2\t38\n13\t2\t36\n3\t1\t36\n19\t2\t33\n12\t2\t31\n10\t2\t31\n20\t2\t29\n23\t2\t28\n11\t2\t24\n8\t2\t21\n9\t2\t20\n0\t2\t19\n1\t2\t18\n7\t2\t17\n3\t6\t14\n2\t6\t13\n6\t2\t11\n2\t2\t11\n4\t2\t10\n5\t2\t9\n3\t2\t5\n","comment":"","msgTable":[[{"key":"prediction","value":17},{"key":"prediction","value":7},{"key":"prediction","value":6826}],[{"key":"ct","value":17},{"key":"ct","value":0},{"key":"ct","value":6775}],[{"value":18},{"value":7},{"value":6542}],[{"value":21},{"value":7},{"value":6513}],[{"value":18},{"value":0},{"value":6482}],[{"value":16},{"value":0},{"value":6395}],[{"value":19},{"value":7},{"value":6370}],[{"value":16},{"value":7},{"value":6279}],[{"value":20},{"value":7},{"value":6277}],[{"value":22},{"value":7},{"value":5988}],[{"value":19},{"value":0},{"value":5769}],[{"value":15},{"value":0},{"value":5660}],[{"value":15},{"value":7},{"value":5442}],[{"value":20},{"value":0},{"value":5312}],[{"value":21},{"value":0},{"value":4827}],[{"value":14},{"value":7},{"value":4611}],[{"value":23},{"value":7},{"value":4572}],[{"value":14},{"value":0},{"value":4439}],[{"value":7},{"value":0},{"value":4129}],[{"value":8},{"value":0},{"value":4119}],[{"value":8},{"value":7},{"value":4094}],[{"value":13},{"value":0},{"value":4001}],[{"value":13},{"value":7},{"value":3968}],[{"value":22},{"value":0},{"value":3912}],[{"value":7},{"value":7},{"value":3721}],[{"value":12},{"value":0},{"value":3631}],[{"value":10},{"value":0},{"value":3584}],[{"value":12},{"value":7},{"value":3544}],[{"value":11},{"value":7},{"value":3455}],[{"value":11},{"value":0},{"value":3442}],[{"value":9},{"value":0},{"value":3371}],[{"value":9},{"value":7},{"value":3218}],[{"value":10},{"value":7},{"value":3135}],[{"value":0},{"value":7},{"value":3028}],[{"value":6},{"value":0},{"value":2733}],[{"value":6},{"value":7},{"value":2699}],[{"value":23},{"value":0},{"value":2590}],[{"value":21},{"value":5},{"value":2190}],[{"value":22},{"value":5},{"value":2181}],[{"value":1},{"value":7},{"value":2124}],[{"value":19},{"value":5},{"value":2053}],[{"value":20},{"value":5},{"value":2037}],[{"value":18},{"value":5},{"value":1967}],[{"value":17},{"value":5},{"value":1882}],[{"value":23},{"value":5},{"value":1843}],[{"value":16},{"value":5},{"value":1695}],[{"value":5},{"value":7},{"value":1635}],[{"value":0},{"value":0},{"value":1575}],[{"value":5},{"value":0},{"value":1555}],[{"value":15},{"value":5},{"value":1496}],[{"value":7},{"value":5},{"value":1462}],[{"value":14},{"value":5},{"value":1438}],[{"value":2},{"value":7},{"value":1430}],[{"value":9},{"value":5},{"value":1407}],[{"value":8},{"value":5},{"value":1401}],[{"value":11},{"value":5},{"value":1379}],[{"value":13},{"value":5},{"value":1367}],[{"value":10},{"value":5},{"value":1350}],[{"value":0},{"value":5},{"value":1326}],[{"value":3},{"value":7},{"value":1300}],[{"value":4},{"value":7},{"value":1263}],[{"value":12},{"value":5},{"value":1244}],[{"value":6},{"value":5},{"value":1235}],[{"value":4},{"value":0},{"value":1010}],[{"value":1},{"value":0},{"value":964}],[{"value":3},{"value":0},{"value":956}],[{"value":5},{"value":5},{"value":924}],[{"value":1},{"value":5},{"value":882}],[{"value":21},{"value":3},{"value":871}],[{"value":20},{"value":3},{"value":820}],[{"value":19},{"value":3},{"value":773}],[{"value":22},{"value":3},{"value":754}],[{"value":18},{"value":3},{"value":739}],[{"value":17},{"value":3},{"value":702}],[{"value":4},{"value":5},{"value":698}],[{"value":2},{"value":0},{"value":691}],[{"value":15},{"value":3},{"value":688}],[{"value":16},{"value":3},{"value":647}],[{"value":2},{"value":5},{"value":646}],[{"value":3},{"value":5},{"value":631}],[{"value":14},{"value":1},{"value":597}],[{"value":21},{"value":1},{"value":567}],[{"value":14},{"value":3},{"value":565}],[{"value":9},{"value":3},{"value":562}],[{"value":10},{"value":3},{"value":560}],[{"value":11},{"value":3},{"value":545}],[{"value":13},{"value":3},{"value":541}],[{"value":20},{"value":1},{"value":540}],[{"value":15},{"value":1},{"value":535}],[{"value":19},{"value":1},{"value":523}],[{"value":22},{"value":1},{"value":514}],[{"value":8},{"value":3},{"value":498}],[{"value":16},{"value":1},{"value":478}],[{"value":12},{"value":3},{"value":468}],[{"value":23},{"value":1},{"value":448}],[{"value":18},{"value":1},{"value":437}],[{"value":17},{"value":1},{"value":425}],[{"value":7},{"value":3},{"value":416}],[{"value":6},{"value":1},{"value":387}],[{"value":13},{"value":1},{"value":371}],[{"value":23},{"value":3},{"value":341}],[{"value":5},{"value":1},{"value":339}],[{"value":21},{"value":4},{"value":328}],[{"value":20},{"value":4},{"value":321}],[{"value":15},{"value":4},{"value":302}],[{"value":16},{"value":4},{"value":288}],[{"value":12},{"value":1},{"value":284}],[{"value":14},{"value":4},{"value":282}],[{"value":6},{"value":3},{"value":276}],[{"value":11},{"value":4},{"value":275}],[{"value":22},{"value":4},{"value":270}],[{"value":13},{"value":4},{"value":270}],[{"value":17},{"value":4},{"value":267}],[{"value":19},{"value":4},{"value":264}],[{"value":12},{"value":4},{"value":257}],[{"value":7},{"value":1},{"value":231}],[{"value":18},{"value":4},{"value":230}],[{"value":4},{"value":1},{"value":226}],[{"value":11},{"value":1},{"value":224}],[{"value":10},{"value":4},{"value":222}],[{"value":23},{"value":4},{"value":209}],[{"value":7},{"value":4},{"value":208}],[{"value":5},{"value":3},{"value":197}],[{"value":9},{"value":4},{"value":197}],[{"value":8},{"value":4},{"value":194}],[{"value":10},{"value":1},{"value":193}],[{"value":9},{"value":1},{"value":185}],[{"value":15},{"value":6},{"value":184}],[{"value":0},{"value":1},{"value":182}],[{"value":20},{"value":6},{"value":177}],[{"value":6},{"value":4},{"value":175}],[{"value":16},{"value":6},{"value":168}],[{"value":17},{"value":6},{"value":168}],[{"value":19},{"value":6},{"value":166}],[{"value":0},{"value":3},{"value":158}],[{"value":21},{"value":6},{"value":158}],[{"value":4},{"value":3},{"value":153}],[{"value":18},{"value":6},{"value":153}],[{"value":0},{"value":4},{"value":152}],[{"value":13},{"value":6},{"value":147}],[{"value":22},{"value":6},{"value":146}],[{"value":14},{"value":6},{"value":143}],[{"value":11},{"value":6},{"value":140}],[{"value":8},{"value":1},{"value":135}],[{"value":5},{"value":4},{"value":134}],[{"value":23},{"value":6},{"value":131}],[{"value":3},{"value":3},{"value":122}],[{"value":12},{"value":6},{"value":115}],[{"value":4},{"value":4},{"value":112}],[{"value":1},{"value":3},{"value":104}],[{"value":1},{"value":4},{"value":101}],[{"value":3},{"value":4},{"value":98}],[{"value":0},{"value":6},{"value":80}],[{"value":2},{"value":3},{"value":80}],[{"value":10},{"value":6},{"value":77}],[{"value":6},{"value":6},{"value":70}],[{"value":7},{"value":6},{"value":68}],[{"value":9},{"value":6},{"value":68}],[{"value":8},{"value":6},{"value":67}],[{"value":4},{"value":6},{"value":67}],[{"value":2},{"value":4},{"value":64}],[{"value":1},{"value":1},{"value":61}],[{"value":5},{"value":6},{"value":54}],[{"value":17},{"value":2},{"value":51}],[{"value":1},{"value":6},{"value":49}],[{"value":18},{"value":2},{"value":48}],[{"value":21},{"value":2},{"value":45}],[{"value":15},{"value":2},{"value":44}],[{"value":22},{"value":2},{"value":42}],[{"value":2},{"value":1},{"value":38}],[{"value":14},{"value":2},{"value":38}],[{"value":16},{"value":2},{"value":38}],[{"value":13},{"value":2},{"value":36}],[{"value":3},{"value":1},{"value":36}],[{"value":19},{"value":2},{"value":33}],[{"value":12},{"value":2},{"value":31}],[{"value":10},{"value":2},{"value":31}],[{"value":20},{"value":2},{"value":29}],[{"value":23},{"value":2},{"value":28}],[{"value":11},{"value":2},{"value":24}],[{"value":8},{"value":2},{"value":21}],[{"value":9},{"value":2},{"value":20}],[{"value":0},{"value":2},{"value":19}],[{"value":1},{"value":2},{"value":18}],[{"value":7},{"value":2},{"value":17}],[{"value":3},{"value":6},{"value":14}],[{"value":2},{"value":6},{"value":13}],[{"value":6},{"value":2},{"value":11}],[{"value":2},{"value":2},{"value":11}],[{"value":4},{"value":2},{"value":10}],[{"value":5},{"value":2},{"value":9}],[{"value":3},{"value":2},{"value":5}]],"columnNames":[{"name":"hr","index":0,"aggr":"sum"},{"name":"prediction","index":1,"aggr":"sum"},{"name":"ct","index":2,"aggr":"sum"}],"rows":[[17,7,6826],[17,0,6775],[18,7,6542],[21,7,6513],[18,0,6482],[16,0,6395],[19,7,6370],[16,7,6279],[20,7,6277],[22,7,5988],[19,0,5769],[15,0,5660],[15,7,5442],[20,0,5312],[21,0,4827],[14,7,4611],[23,7,4572],[14,0,4439],[7,0,4129],[8,0,4119],[8,7,4094],[13,0,4001],[13,7,3968],[22,0,3912],[7,7,3721],[12,0,3631],[10,0,3584],[12,7,3544],[11,7,3455],[11,0,3442],[9,0,3371],[9,7,3218],[10,7,3135],[0,7,3028],[6,0,2733],[6,7,2699],[23,0,2590],[21,5,2190],[22,5,2181],[1,7,2124],[19,5,2053],[20,5,2037],[18,5,1967],[17,5,1882],[23,5,1843],[16,5,1695],[5,7,1635],[0,0,1575],[5,0,1555],[15,5,1496],[7,5,1462],[14,5,1438],[2,7,1430],[9,5,1407],[8,5,1401],[11,5,1379],[13,5,1367],[10,5,1350],[0,5,1326],[3,7,1300],[4,7,1263],[12,5,1244],[6,5,1235],[4,0,1010],[1,0,964],[3,0,956],[5,5,924],[1,5,882],[21,3,871],[20,3,820],[19,3,773],[22,3,754],[18,3,739],[17,3,702],[4,5,698],[2,0,691],[15,3,688],[16,3,647],[2,5,646],[3,5,631],[14,1,597],[21,1,567],[14,3,565],[9,3,562],[10,3,560],[11,3,545],[13,3,541],[20,1,540],[15,1,535],[19,1,523],[22,1,514],[8,3,498],[16,1,478],[12,3,468],[23,1,448],[18,1,437],[17,1,425],[7,3,416],[6,1,387],[13,1,371],[23,3,341],[5,1,339],[21,4,328],[20,4,321],[15,4,302],[16,4,288],[12,1,284],[14,4,282],[6,3,276],[11,4,275],[22,4,270],[13,4,270],[17,4,267],[19,4,264],[12,4,257],[7,1,231],[18,4,230],[4,1,226],[11,1,224],[10,4,222],[23,4,209],[7,4,208],[5,3,197],[9,4,197],[8,4,194],[10,1,193],[9,1,185],[15,6,184],[0,1,182],[20,6,177],[6,4,175],[16,6,168],[17,6,168],[19,6,166],[0,3,158],[21,6,158],[4,3,153],[18,6,153],[0,4,152],[13,6,147],[22,6,146],[14,6,143],[11,6,140],[8,1,135],[5,4,134],[23,6,131],[3,3,122],[12,6,115],[4,4,112],[1,3,104],[1,4,101],[3,4,98],[0,6,80],[2,3,80],[10,6,77],[6,6,70],[7,6,68],[9,6,68],[8,6,67],[4,6,67],[2,4,64],[1,1,61],[5,6,54],[17,2,51],[1,6,49],[18,2,48],[21,2,45],[15,2,44],[22,2,42],[2,1,38],[14,2,38],[16,2,38],[13,2,36],[3,1,36],[19,2,33],[12,2,31],[10,2,31],[20,2,29],[23,2,28],[11,2,24],[8,2,21],[9,2,20],[0,2,19],[1,2,18],[7,2,17],[3,6,14],[2,6,13],[6,2,11],[2,2,11],[4,2,10],[5,2,9],[3,2,5]]},"dateCreated":"2016-10-31T08:26:21-0700","dateStarted":"2016-11-16T08:07:41-0800","status":"FINISHED","progressUpdateIntervalMs":500,"$$hashKey":"object:95","dateFinished":"2016-11-16T08:07:47-0800","focus":true},{"text":" categories.select(\"prediction\").distinct().count()","dateUpdated":"2016-11-16T07:49:09-0800","config":{"colWidth":12,"graph":{"mode":"table","height":300,"optionOpen":false,"keys":[],"values":[],"groups":[],"scatter":{}},"enabled":true,"editorMode":"ace/mode/scala"},"settings":{"params":{},"forms":{}},"apps":[],"jobName":"paragraph_1479303718357_-1398290074","id":"20161116-054158_339077061","dateCreated":"2016-11-16T05:41:58-0800","status":"FINISHED","progressUpdateIntervalMs":500,"$$hashKey":"object:96","user":"anonymous","dateFinished":"2016-11-16T07:49:19-0800","dateStarted":"2016-11-16T07:49:10-0800","result":{"code":"SUCCESS","type":"TEXT","msg":"\nres33: Long = 8\n"},"focus":true},{"config":{"colWidth":12,"graph":{"mode":"table","height":300,"optionOpen":false,"keys":[],"values":[],"groups":[],"scatter":{}},"enabled":true,"editorMode":"ace/mode/scala"},"settings":{"params":{},"forms":{}},"apps":[],"jobName":"paragraph_1479311349995_320076706","id":"20161116-074909_551711992","dateCreated":"2016-11-16T07:49:09-0800","status":"FINISHED","progressUpdateIntervalMs":500,"focus":true,"$$hashKey":"object:2258","user":"anonymous","dateUpdated":"2016-11-16T07:54:33-0800","dateFinished":"2016-11-16T07:54:42-0800","dateStarted":"2016-11-16T07:54:33-0800","result":{"code":"SUCCESS","type":"TEXT","msg":"+----------+-----+\n|prediction|count|\n+----------+-----+\n|         0|87922|\n|         1| 7956|\n|         2|  659|\n|         3|11580|\n|         4| 5220|\n|         5|34734|\n|         6| 2623|\n|         7|98034|\n+----------+-----+\n\n"},"text":"categories.groupBy(\"prediction\").count().show()"},{"config":{"colWidth":12,"graph":{"mode":"table","height":300,"optionOpen":false,"keys":[],"values":[],"groups":[],"scatter":{}},"enabled":true},"settings":{"params":{},"forms":{}},"apps":[],"jobName":"paragraph_1479311673866_344157711","id":"20161116-075433_1562509402","dateCreated":"2016-11-16T07:54:33-0800","status":"READY","progressUpdateIntervalMs":500,"focus":true,"$$hashKey":"object:2340","dateUpdated":"2016-11-16T09:34:38-0800","text":"  // model.write.overwrite().save(\"/user/user01/savemodel\")"}],"name":"uber","id":"2C2J2D9PA","angularObjects":{"2C2XCK9N2:shared_process":[],"2C2C6YTE9:shared_process":[],"2C2PAXZ71:shared_process":[],"2BYJKJ2B9:shared_process":[],"2BYU4XWG7:shared_process":[],"2C2386VGY:shared_process":[],"2BYY7KT1Y:shared_process":[],"2BZ19T36E:shared_process":[],"2C111W6R1:shared_process":[],"2BZSF3KMD:shared_process":[],"2BZWFXHTS:shared_process":[],"2BYF67G49:shared_process":[],"2BZVP2VXE:shared_process":[],"2C17C39N6:shared_process":[],"2BZ758SYT:shared_process":[],"2BYU8DWKN:shared_process":[],"2BYMRVMW3:shared_process":[],"2C357XWTJ:shared_process":[],"2C2NZFHX9:shared_process":[]},"config":{"looknfeel":"default"},"info":{}}